Framework,Core_Approach,Strengths,Key_Limitations,Relationship_to_NRP
Non-Reductionist Philosophy (NRP),Meta-theory integrating multiple perspectives with non-reductionist epistemology,Avoids reductionism while maintaining coherence; practical application focus,Limited peer review; builds on contested foundations; complexity may hinder adoption,Core framework being analyzed
Integral Theory (Wilber),"All Quadrants, All Levels framework with spiritual development focus",Comprehensive framework; spiritual integration; developmental perspective,Eastern mysticism bias; overly complex; limited cultural validity,"Primary inspiration and foundation, with claimed improvements"
Metamodernism,"Oscillation between modern and postmodern, reconstructive after deconstruction",Addresses postmodern limitations; practical reconstruction orientation,Lacks clear methodology; may fall into relativism; still developing,Parallel attempt to move beyond postmodernism with reconstruction
Spiral Dynamics,Values-based developmental spiral through levels of complexity,Empirically grounded in values research; applicable to organizations,Western-centric despite claims; simplifies complex cultural factors,Incorporated as levels/stages component within NRP framework
Complexity Science,Emergence and self-organization in complex adaptive systems,Strong scientific foundation; explains emergence and adaptation,Mathematical complexity; may not address meaning and values adequately,Supports emergentism claims; provides scientific grounding
Systems Theory,Holistic understanding of interconnected systems and feedback loops,Well-established methodology; broad applicability across disciplines,Can be mechanistic; may not capture subjective experience fully,Influences systemic thinking; incorporated in lower-right quadrant
Postmodern Relativism,"Multiple valid perspectives, deconstruction of grand narratives",Challenges dominant paradigms; includes marginalized perspectives,Leads to paralysis and nihilism; difficulty making truth claims,Critiqued by NRP as incomplete; used as developmental stage example
Scientific Materialism,Reality reducible to fundamental physical processes and laws,Empirical rigor; technological applications; predictive power,"Reductionist; eliminates meaning, consciousness, and subjective experience",Explicitly rejected as reductionist; contrasted with NRP approach
Process Philosophy,Reality as process and becoming rather than static being,Avoids static categories; emphasizes change and development,Difficult to operationalize; may lack clear practical applications,Philosophical alignment with emergentism and dynamic development
Enactivism,Cognition as embodied action rather than internal representation,Embodied cognition research; challenges representationalist assumptions,Limited scope; may not address higher-order cognitive processes,Supportive of embodied cognition aspects; challenges pure rationalism
